Name	title	coding
t2_23z1e87p	Looking for electives eng246/fina200/ital200/theo206	c
t2_gb343h96	COMM 225 Midterm 2	c
t2_fd130qef	Comm 215	c
t2_89degnj8	DISC on DISC date?	o
t2_734zwmhw	Conditional Offer of Admission	o
t2_80dmd5ak	Students who live alone. How you manage it out and what is your budget	o
t2_6neraf3y	Study Permit rant	o
t2_8v7k2mx3	Final year worries	o
t2_cnzk6sdd	Comp 218	c
t2_a70jexr0	Minimum grade for a prerequisite course	c
t2_2bqc8goj	What kind of phone do you use? (Survey for a class)	o
t2_6ne454xn	DISC Inquiry	o
t2_xn4ft	How will theology department tests work when we return to school in January?	o
t2_4v49mr03	COMP 335 Syllabus	c
t2_g7cc71v7	Comm 210 help	c
t2_bjb6zfbx	US students what gpa did you have when you applied to concordia	o
t2_1u7pcbgm	What's the course availability usually like for the summer semesters?	c
t2_tkknrr1	Unable to DISC co-requisite course	o
t2_5eavg2v9	Wheelchair	o
t2_90zdbcix	Discord link for SOEN	o
t2_cqd0uyya	What's going on at Space Concordia	o
t2_gep8tq95	Transferring	o
t2_3hcp9wm9	Do I have hope to pass my class?	c
t2_fjqmwb1z	About PHYS284	c
t2_cfa7105w	Can anyone share the Econ 301 course outline with me?	c
t2_akpnzm6g	Don‚Äôt go to Concordia for arts	o
t2_721myyi1	Ontario Transfer to Concordia University	o
t2_qadswap	Confusion Regarding Admission	o
t2_7ql05qha	Construction Engineering and Management (MEng)	o
t2_cvuudkdv	Concordia or uwindsor	o
t2_6mfuawoa	Im in Software Engineering and I have two options next semester. Either to take the ENGR 233 with Chantal David but take the SOEN 228 with Donald Peter Davies. OR take ENGR 233 with Alexei Kokotov but take SOEN 228 with Hakim Mella . Which option should I go for?	c
t2_fxha9drs	Account Balance	o
t2_1cy40vwq	COMP 232 + 233 in one semester?	o
t2_7rpw1bnj	Winter 2022 Schedule Advice	o
t2_9ducq79j	Health and life sciences BcompSc	c
t2_ak2z1ki9	Guys , what‚Äôs the best website/app to find apartments for rent for students?	r
t2_a9t28mrr	Canadian citizen ship	o
t2_1moqxo	MATH 204, MATH 205 delivery question	c
t2_6dqqu7zu	Teamwork with 10 teammates	c
t2_5nt1jc0o	Have four courses, planning to disc one tonight. Would I become a part time student?	o
t2_548xcibj	To do checklist on student centre after I applied (I'm international so it asks for like visa expense documents, etc), do I need to do it before or after I have a decision?	o
t2_548xcibj	When looking at housing prices on the Concordia website, are the prices in CAD or USD?	r
t2_5yta5i4t	COURSE QUESTION	c
t2_5jx5camz	Is there a limit to how many DISC you can have?	o
t2_yw64d	PHYS 206 - Route of least resistance?	c
t2_7obm6jum	Gown    o
t2_2hza6jpa	CS electives	c
t2_eiyz6ut0	AFE Financial Aid Question	o
t2_8dwx56iy	Hard course load for winter?	c
t2_8mkd6h1e	BTM salary upon graduation?	o